Season,BBRef_Team_Name,NBA_Current_Link_ID
2019,Atlanta Hawks,1610612737
2018,Atlanta Hawks,1610612737
2017,Atlanta Hawks,1610612737
2016,Atlanta Hawks,1610612737
2015,Atlanta Hawks,1610612737
2014,Atlanta Hawks,1610612737
2013,Atlanta Hawks,1610612737
2012,Atlanta Hawks,1610612737
2011,Atlanta Hawks,1610612737
2010,Atlanta Hawks,1610612737
2009,Atlanta Hawks,1610612737
2008,Atlanta Hawks,1610612737
2007,Atlanta Hawks,1610612737
2006,Atlanta Hawks,1610612737
2005,Atlanta Hawks,1610612737
2004,Atlanta Hawks,1610612737
2003,Atlanta Hawks,1610612737
2002,Atlanta Hawks,1610612737
2001,Atlanta Hawks,1610612737
2000,Atlanta Hawks,1610612737
1999,Atlanta Hawks,1610612737
1998,Atlanta Hawks,1610612737
1997,Atlanta Hawks,1610612737
1996,Atlanta Hawks,1610612737
1995,Atlanta Hawks,1610612737
1994,Atlanta Hawks,1610612737
1993,Atlanta Hawks,1610612737
1992,Atlanta Hawks,1610612737
1991,Atlanta Hawks,1610612737
1990,Atlanta Hawks,1610612737
1989,Atlanta Hawks,1610612737
1988,Atlanta Hawks,1610612737
1987,Atlanta Hawks,1610612737
1986,Atlanta Hawks,1610612737
1985,Atlanta Hawks,1610612737
1984,Atlanta Hawks,1610612737
1983,Atlanta Hawks,1610612737
1982,Atlanta Hawks,1610612737
1981,Atlanta Hawks,1610612737
1980,Atlanta Hawks,1610612737
1979,Atlanta Hawks,1610612737
1978,Atlanta Hawks,1610612737
1977,Atlanta Hawks,1610612737
1976,Atlanta Hawks,1610612737
1975,Atlanta Hawks,1610612737
1974,Atlanta Hawks,1610612737
1973,Atlanta Hawks,1610612737
1972,Atlanta Hawks,1610612737
1971,Atlanta Hawks,1610612737
1970,Atlanta Hawks,1610612737
1969,Atlanta Hawks,1610612737
1968,Atlanta Hawks,1610612737
1967,St. Louis Hawks,1610612737
1966,St. Louis Hawks,1610612737
1965,St. Louis Hawks,1610612737
1964,St. Louis Hawks,1610612737
1963,St. Louis Hawks,1610612737
1962,St. Louis Hawks,1610612737
1961,St. Louis Hawks,1610612737
1960,St. Louis Hawks,1610612737
1959,St. Louis Hawks,1610612737
1958,St. Louis Hawks,1610612737
1957,St. Louis Hawks,1610612737
1956,St. Louis Hawks,1610612737
1955,St. Louis Hawks,1610612737
1954,Milwaukee Hawks,1610612737
1953,Milwaukee Hawks,1610612737
1952,Milwaukee Hawks,1610612737
1951,Milwaukee Hawks,1610612737
1950,Tri-Cities Blackhawks,1610612737
1949,Tri-Cities Blackhawks,1610612737
2019,Brooklyn Nets,1610612751
2018,Brooklyn Nets,1610612751
2017,Brooklyn Nets,1610612751
2016,Brooklyn Nets,1610612751
2015,Brooklyn Nets,1610612751
2014,Brooklyn Nets,1610612751
2013,Brooklyn Nets,1610612751
2012,Brooklyn Nets,1610612751
2011,New Jersey Nets,1610612751
2010,New Jersey Nets,1610612751
2009,New Jersey Nets,1610612751
2008,New Jersey Nets,1610612751
2007,New Jersey Nets,1610612751
2006,New Jersey Nets,1610612751
2005,New Jersey Nets,1610612751
2004,New Jersey Nets,1610612751
2003,New Jersey Nets,1610612751
2002,New Jersey Nets,1610612751
2001,New Jersey Nets,1610612751
2000,New Jersey Nets,1610612751
1999,New Jersey Nets,1610612751
1998,New Jersey Nets,1610612751
1997,New Jersey Nets,1610612751
1996,New Jersey Nets,1610612751
1995,New Jersey Nets,1610612751
1994,New Jersey Nets,1610612751
1993,New Jersey Nets,1610612751
1992,New Jersey Nets,1610612751
1991,New Jersey Nets,1610612751
1990,New Jersey Nets,1610612751
1989,New Jersey Nets,1610612751
1988,New Jersey Nets,1610612751
1987,New Jersey Nets,1610612751
1986,New Jersey Nets,1610612751
1985,New Jersey Nets,1610612751
1984,New Jersey Nets,1610612751
1983,New Jersey Nets,1610612751
1982,New Jersey Nets,1610612751
1981,New Jersey Nets,1610612751
1980,New Jersey Nets,1610612751
1979,New Jersey Nets,1610612751
1978,New Jersey Nets,1610612751
1977,New Jersey Nets,1610612751
1976,New York Nets,1610612751
1975,New York Nets,1610612751
1974,New York Nets,1610612751
1973,New York Nets,1610612751
1972,New York Nets,1610612751
1971,New York Nets,1610612751
1970,New York Nets,1610612751
1969,New York Nets,1610612751
1968,New York Nets,1610612751
1967,New Jersey Americans,1610612751
2019,Boston Celtics,1610612738
2018,Boston Celtics,1610612738
2017,Boston Celtics,1610612738
2016,Boston Celtics,1610612738
2015,Boston Celtics,1610612738
2014,Boston Celtics,1610612738
2013,Boston Celtics,1610612738
2012,Boston Celtics,1610612738
2011,Boston Celtics,1610612738
2010,Boston Celtics,1610612738
2009,Boston Celtics,1610612738
2008,Boston Celtics,1610612738
2007,Boston Celtics,1610612738
2006,Boston Celtics,1610612738
2005,Boston Celtics,1610612738
2004,Boston Celtics,1610612738
2003,Boston Celtics,1610612738
2002,Boston Celtics,1610612738
2001,Boston Celtics,1610612738
2000,Boston Celtics,1610612738
1999,Boston Celtics,1610612738
1998,Boston Celtics,1610612738
1997,Boston Celtics,1610612738
1996,Boston Celtics,1610612738
1995,Boston Celtics,1610612738
1994,Boston Celtics,1610612738
1993,Boston Celtics,1610612738
1992,Boston Celtics,1610612738
1991,Boston Celtics,1610612738
1990,Boston Celtics,1610612738
1989,Boston Celtics,1610612738
1988,Boston Celtics,1610612738
1987,Boston Celtics,1610612738
1986,Boston Celtics,1610612738
1985,Boston Celtics,1610612738
1984,Boston Celtics,1610612738
1983,Boston Celtics,1610612738
1982,Boston Celtics,1610612738
1981,Boston Celtics,1610612738
1980,Boston Celtics,1610612738
1979,Boston Celtics,1610612738
1978,Boston Celtics,1610612738
1977,Boston Celtics,1610612738
1976,Boston Celtics,1610612738
1975,Boston Celtics,1610612738
1974,Boston Celtics,1610612738
1973,Boston Celtics,1610612738
1972,Boston Celtics,1610612738
1971,Boston Celtics,1610612738
1970,Boston Celtics,1610612738
1969,Boston Celtics,1610612738
1968,Boston Celtics,1610612738
1967,Boston Celtics,1610612738
1966,Boston Celtics,1610612738
1965,Boston Celtics,1610612738
1964,Boston Celtics,1610612738
1963,Boston Celtics,1610612738
1962,Boston Celtics,1610612738
1961,Boston Celtics,1610612738
1960,Boston Celtics,1610612738
1959,Boston Celtics,1610612738
1958,Boston Celtics,1610612738
1957,Boston Celtics,1610612738
1956,Boston Celtics,1610612738
1955,Boston Celtics,1610612738
1954,Boston Celtics,1610612738
1953,Boston Celtics,1610612738
1952,Boston Celtics,1610612738
1951,Boston Celtics,1610612738
1950,Boston Celtics,1610612738
1949,Boston Celtics,1610612738
1948,Boston Celtics,1610612738
1947,Boston Celtics,1610612738
1946,Boston Celtics,1610612738
2019,Charlotte Hornets,1610612766
2018,Charlotte Hornets,1610612766
2017,Charlotte Hornets,1610612766
2016,Charlotte Hornets,1610612766
2015,Charlotte Hornets,1610612766
2014,Charlotte Hornets,1610612766
2013,Charlotte Bobcats,1610612766
2012,Charlotte Bobcats,1610612766
2011,Charlotte Bobcats,1610612766
2010,Charlotte Bobcats,1610612766
2009,Charlotte Bobcats,1610612766
2008,Charlotte Bobcats,1610612766
2007,Charlotte Bobcats,1610612766
2006,Charlotte Bobcats,1610612766
2005,Charlotte Bobcats,1610612766
2004,Charlotte Bobcats,1610612766
2003,Charlotte Hornets,1610612766
2002,Charlotte Hornets,1610612766
2001,Charlotte Hornets,1610612766
2000,Charlotte Hornets,1610612766
1999,Charlotte Hornets,1610612766
1998,Charlotte Hornets,1610612766
1997,Charlotte Hornets,1610612766
1996,Charlotte Hornets,1610612766
1995,Charlotte Hornets,1610612766
1994,Charlotte Hornets,1610612766
1993,Charlotte Hornets,1610612766
1992,Charlotte Hornets,1610612766
1991,Charlotte Hornets,1610612766
1990,Charlotte Hornets,1610612766
1989,Charlotte Hornets,1610612766
1988,Charlotte Hornets,1610612766
2019,Cleveland Cavaliers,1610612739
2018,Cleveland Cavaliers,1610612739
2017,Cleveland Cavaliers,1610612739
2016,Cleveland Cavaliers,1610612739
2015,Cleveland Cavaliers,1610612739
2014,Cleveland Cavaliers,1610612739
2013,Cleveland Cavaliers,1610612739
2012,Cleveland Cavaliers,1610612739
2011,Cleveland Cavaliers,1610612739
2010,Cleveland Cavaliers,1610612739
2009,Cleveland Cavaliers,1610612739
2008,Cleveland Cavaliers,1610612739
2007,Cleveland Cavaliers,1610612739
2006,Cleveland Cavaliers,1610612739
2005,Cleveland Cavaliers,1610612739
2004,Cleveland Cavaliers,1610612739
2003,Cleveland Cavaliers,1610612739
2002,Cleveland Cavaliers,1610612739
2001,Cleveland Cavaliers,1610612739
2000,Cleveland Cavaliers,1610612739
1999,Cleveland Cavaliers,1610612739
1998,Cleveland Cavaliers,1610612739
1997,Cleveland Cavaliers,1610612739
1996,Cleveland Cavaliers,1610612739
1995,Cleveland Cavaliers,1610612739
1994,Cleveland Cavaliers,1610612739
1993,Cleveland Cavaliers,1610612739
1992,Cleveland Cavaliers,1610612739
1991,Cleveland Cavaliers,1610612739
1990,Cleveland Cavaliers,1610612739
1989,Cleveland Cavaliers,1610612739
1988,Cleveland Cavaliers,1610612739
1987,Cleveland Cavaliers,1610612739
1986,Cleveland Cavaliers,1610612739
1985,Cleveland Cavaliers,1610612739
1984,Cleveland Cavaliers,1610612739
1983,Cleveland Cavaliers,1610612739
1982,Cleveland Cavaliers,1610612739
1981,Cleveland Cavaliers,1610612739
1980,Cleveland Cavaliers,1610612739
1979,Cleveland Cavaliers,1610612739
1978,Cleveland Cavaliers,1610612739
1977,Cleveland Cavaliers,1610612739
1976,Cleveland Cavaliers,1610612739
1975,Cleveland Cavaliers,1610612739
1974,Cleveland Cavaliers,1610612739
1973,Cleveland Cavaliers,1610612739
1972,Cleveland Cavaliers,1610612739
1971,Cleveland Cavaliers,1610612739
1970,Cleveland Cavaliers,1610612739
2019,Chicago Bulls,1610612741
2018,Chicago Bulls,1610612741
2017,Chicago Bulls,1610612741
2016,Chicago Bulls,1610612741
2015,Chicago Bulls,1610612741
2014,Chicago Bulls,1610612741
2013,Chicago Bulls,1610612741
2012,Chicago Bulls,1610612741
2011,Chicago Bulls,1610612741
2010,Chicago Bulls,1610612741
2009,Chicago Bulls,1610612741
2008,Chicago Bulls,1610612741
2007,Chicago Bulls,1610612741
2006,Chicago Bulls,1610612741
2005,Chicago Bulls,1610612741
2004,Chicago Bulls,1610612741
2003,Chicago Bulls,1610612741
2002,Chicago Bulls,1610612741
2001,Chicago Bulls,1610612741
2000,Chicago Bulls,1610612741
1999,Chicago Bulls,1610612741
1998,Chicago Bulls,1610612741
1997,Chicago Bulls,1610612741
1996,Chicago Bulls,1610612741
1995,Chicago Bulls,1610612741
1994,Chicago Bulls,1610612741
1993,Chicago Bulls,1610612741
1992,Chicago Bulls,1610612741
1991,Chicago Bulls,1610612741
1990,Chicago Bulls,1610612741
1989,Chicago Bulls,1610612741
1988,Chicago Bulls,1610612741
1987,Chicago Bulls,1610612741
1986,Chicago Bulls,1610612741
1985,Chicago Bulls,1610612741
1984,Chicago Bulls,1610612741
1983,Chicago Bulls,1610612741
1982,Chicago Bulls,1610612741
1981,Chicago Bulls,1610612741
1980,Chicago Bulls,1610612741
1979,Chicago Bulls,1610612741
1978,Chicago Bulls,1610612741
1977,Chicago Bulls,1610612741
1976,Chicago Bulls,1610612741
1975,Chicago Bulls,1610612741
1974,Chicago Bulls,1610612741
1973,Chicago Bulls,1610612741
1972,Chicago Bulls,1610612741
1971,Chicago Bulls,1610612741
1970,Chicago Bulls,1610612741
1969,Chicago Bulls,1610612741
1968,Chicago Bulls,1610612741
1967,Chicago Bulls,1610612741
1966,Chicago Bulls,1610612741
2019,Dallas Mavericks,1610612742
2018,Dallas Mavericks,1610612742
2017,Dallas Mavericks,1610612742
2016,Dallas Mavericks,1610612742
2015,Dallas Mavericks,1610612742
2014,Dallas Mavericks,1610612742
2013,Dallas Mavericks,1610612742
2012,Dallas Mavericks,1610612742
2011,Dallas Mavericks,1610612742
2010,Dallas Mavericks,1610612742
2009,Dallas Mavericks,1610612742
2008,Dallas Mavericks,1610612742
2007,Dallas Mavericks,1610612742
2006,Dallas Mavericks,1610612742
2005,Dallas Mavericks,1610612742
2004,Dallas Mavericks,1610612742
2003,Dallas Mavericks,1610612742
2002,Dallas Mavericks,1610612742
2001,Dallas Mavericks,1610612742
2000,Dallas Mavericks,1610612742
1999,Dallas Mavericks,1610612742
1998,Dallas Mavericks,1610612742
1997,Dallas Mavericks,1610612742
1996,Dallas Mavericks,1610612742
1995,Dallas Mavericks,1610612742
1994,Dallas Mavericks,1610612742
1993,Dallas Mavericks,1610612742
1992,Dallas Mavericks,1610612742
1991,Dallas Mavericks,1610612742
1990,Dallas Mavericks,1610612742
1989,Dallas Mavericks,1610612742
1988,Dallas Mavericks,1610612742
1987,Dallas Mavericks,1610612742
1986,Dallas Mavericks,1610612742
1985,Dallas Mavericks,1610612742
1984,Dallas Mavericks,1610612742
1983,Dallas Mavericks,1610612742
1982,Dallas Mavericks,1610612742
1981,Dallas Mavericks,1610612742
1980,Dallas Mavericks,1610612742
2019,Denver Nuggets,1610612743
2018,Denver Nuggets,1610612743
2017,Denver Nuggets,1610612743
2016,Denver Nuggets,1610612743
2015,Denver Nuggets,1610612743
2014,Denver Nuggets,1610612743
2013,Denver Nuggets,1610612743
2012,Denver Nuggets,1610612743
2011,Denver Nuggets,1610612743
2010,Denver Nuggets,1610612743
2009,Denver Nuggets,1610612743
2008,Denver Nuggets,1610612743
2007,Denver Nuggets,1610612743
2006,Denver Nuggets,1610612743
2005,Denver Nuggets,1610612743
2004,Denver Nuggets,1610612743
2003,Denver Nuggets,1610612743
2002,Denver Nuggets,1610612743
2001,Denver Nuggets,1610612743
2000,Denver Nuggets,1610612743
1999,Denver Nuggets,1610612743
1998,Denver Nuggets,1610612743
1997,Denver Nuggets,1610612743
1996,Denver Nuggets,1610612743
1995,Denver Nuggets,1610612743
1994,Denver Nuggets,1610612743
1993,Denver Nuggets,1610612743
1992,Denver Nuggets,1610612743
1991,Denver Nuggets,1610612743
1990,Denver Nuggets,1610612743
1989,Denver Nuggets,1610612743
1988,Denver Nuggets,1610612743
1987,Denver Nuggets,1610612743
1986,Denver Nuggets,1610612743
1985,Denver Nuggets,1610612743
1984,Denver Nuggets,1610612743
1983,Denver Nuggets,1610612743
1982,Denver Nuggets,1610612743
1981,Denver Nuggets,1610612743
1980,Denver Nuggets,1610612743
1979,Denver Nuggets,1610612743
1978,Denver Nuggets,1610612743
1977,Denver Nuggets,1610612743
1976,Denver Nuggets,1610612743
1975,Denver Nuggets,1610612743
1974,Denver Nuggets,1610612743
1973,Denver Rockets,1610612743
1972,Denver Rockets,1610612743
1971,Denver Rockets,1610612743
1970,Denver Rockets,1610612743
1969,Denver Rockets,1610612743
1968,Denver Rockets,1610612743
1967,Denver Rockets,1610612743
2019,Detroit Pistons,1610612765
2018,Detroit Pistons,1610612765
2017,Detroit Pistons,1610612765
2016,Detroit Pistons,1610612765
2015,Detroit Pistons,1610612765
2014,Detroit Pistons,1610612765
2013,Detroit Pistons,1610612765
2012,Detroit Pistons,1610612765
2011,Detroit Pistons,1610612765
2010,Detroit Pistons,1610612765
2009,Detroit Pistons,1610612765
2008,Detroit Pistons,1610612765
2007,Detroit Pistons,1610612765
2006,Detroit Pistons,1610612765
2005,Detroit Pistons,1610612765
2004,Detroit Pistons,1610612765
2003,Detroit Pistons,1610612765
2002,Detroit Pistons,1610612765
2001,Detroit Pistons,1610612765
2000,Detroit Pistons,1610612765
1999,Detroit Pistons,1610612765
1998,Detroit Pistons,1610612765
1997,Detroit Pistons,1610612765
1996,Detroit Pistons,1610612765
1995,Detroit Pistons,1610612765
1994,Detroit Pistons,1610612765
1993,Detroit Pistons,1610612765
1992,Detroit Pistons,1610612765
1991,Detroit Pistons,1610612765
1990,Detroit Pistons,1610612765
1989,Detroit Pistons,1610612765
1988,Detroit Pistons,1610612765
1987,Detroit Pistons,1610612765
1986,Detroit Pistons,1610612765
1985,Detroit Pistons,1610612765
1984,Detroit Pistons,1610612765
1983,Detroit Pistons,1610612765
1982,Detroit Pistons,1610612765
1981,Detroit Pistons,1610612765
1980,Detroit Pistons,1610612765
1979,Detroit Pistons,1610612765
1978,Detroit Pistons,1610612765
1977,Detroit Pistons,1610612765
1976,Detroit Pistons,1610612765
1975,Detroit Pistons,1610612765
1974,Detroit Pistons,1610612765
1973,Detroit Pistons,1610612765
1972,Detroit Pistons,1610612765
1971,Detroit Pistons,1610612765
1970,Detroit Pistons,1610612765
1969,Detroit Pistons,1610612765
1968,Detroit Pistons,1610612765
1967,Detroit Pistons,1610612765
1966,Detroit Pistons,1610612765
1965,Detroit Pistons,1610612765
1964,Detroit Pistons,1610612765
1963,Detroit Pistons,1610612765
1962,Detroit Pistons,1610612765
1961,Detroit Pistons,1610612765
1960,Detroit Pistons,1610612765
1959,Detroit Pistons,1610612765
1958,Detroit Pistons,1610612765
1957,Detroit Pistons,1610612765
1956,Fort Wayne Pistons,1610612765
1955,Fort Wayne Pistons,1610612765
1954,Fort Wayne Pistons,1610612765
1953,Fort Wayne Pistons,1610612765
1952,Fort Wayne Pistons,1610612765
1951,Fort Wayne Pistons,1610612765
1950,Fort Wayne Pistons,1610612765
1949,Fort Wayne Pistons,1610612765
1948,Fort Wayne Pistons,1610612765
2019,Golden State Warriors,1610612744
2018,Golden State Warriors,1610612744
2017,Golden State Warriors,1610612744
2016,Golden State Warriors,1610612744
2015,Golden State Warriors,1610612744
2014,Golden State Warriors,1610612744
2013,Golden State Warriors,1610612744
2012,Golden State Warriors,1610612744
2011,Golden State Warriors,1610612744
2010,Golden State Warriors,1610612744
2009,Golden State Warriors,1610612744
2008,Golden State Warriors,1610612744
2007,Golden State Warriors,1610612744
2006,Golden State Warriors,1610612744
2005,Golden State Warriors,1610612744
2004,Golden State Warriors,1610612744
2003,Golden State Warriors,1610612744
2002,Golden State Warriors,1610612744
2001,Golden State Warriors,1610612744
2000,Golden State Warriors,1610612744
1999,Golden State Warriors,1610612744
1998,Golden State Warriors,1610612744
1997,Golden State Warriors,1610612744
1996,Golden State Warriors,1610612744
1995,Golden State Warriors,1610612744
1994,Golden State Warriors,1610612744
1993,Golden State Warriors,1610612744
1992,Golden State Warriors,1610612744
1991,Golden State Warriors,1610612744
1990,Golden State Warriors,1610612744
1989,Golden State Warriors,1610612744
1988,Golden State Warriors,1610612744
1987,Golden State Warriors,1610612744
1986,Golden State Warriors,1610612744
1985,Golden State Warriors,1610612744
1984,Golden State Warriors,1610612744
1983,Golden State Warriors,1610612744
1982,Golden State Warriors,1610612744
1981,Golden State Warriors,1610612744
1980,Golden State Warriors,1610612744
1979,Golden State Warriors,1610612744
1978,Golden State Warriors,1610612744
1977,Golden State Warriors,1610612744
1976,Golden State Warriors,1610612744
1975,Golden State Warriors,1610612744
1974,Golden State Warriors,1610612744
1973,Golden State Warriors,1610612744
1972,Golden State Warriors,1610612744
1971,Golden State Warriors,1610612744
1970,San Francisco Warriors,1610612744
1969,San Francisco Warriors,1610612744
1968,San Francisco Warriors,1610612744
1967,San Francisco Warriors,1610612744
1966,San Francisco Warriors,1610612744
1965,San Francisco Warriors,1610612744
1964,San Francisco Warriors,1610612744
1963,San Francisco Warriors,1610612744
1962,San Francisco Warriors,1610612744
1961,Philadelphia Warriors,1610612744
1960,Philadelphia Warriors,1610612744
1959,Philadelphia Warriors,1610612744
1958,Philadelphia Warriors,1610612744
1957,Philadelphia Warriors,1610612744
1956,Philadelphia Warriors,1610612744
1955,Philadelphia Warriors,1610612744
1954,Philadelphia Warriors,1610612744
1953,Philadelphia Warriors,1610612744
1952,Philadelphia Warriors,1610612744
1951,Philadelphia Warriors,1610612744
1950,Philadelphia Warriors,1610612744
1949,Philadelphia Warriors,1610612744
1948,Philadelphia Warriors,1610612744
1947,Philadelphia Warriors,1610612744
1946,Philadelphia Warriors,1610612744
2019,Houston Rockets,1610612745
2018,Houston Rockets,1610612745
2017,Houston Rockets,1610612745
2016,Houston Rockets,1610612745
2015,Houston Rockets,1610612745
2014,Houston Rockets,1610612745
2013,Houston Rockets,1610612745
2012,Houston Rockets,1610612745
2011,Houston Rockets,1610612745
2010,Houston Rockets,1610612745
2009,Houston Rockets,1610612745
2008,Houston Rockets,1610612745
2007,Houston Rockets,1610612745
2006,Houston Rockets,1610612745
2005,Houston Rockets,1610612745
2004,Houston Rockets,1610612745
2003,Houston Rockets,1610612745
2002,Houston Rockets,1610612745
2001,Houston Rockets,1610612745
2000,Houston Rockets,1610612745
1999,Houston Rockets,1610612745
1998,Houston Rockets,1610612745
1997,Houston Rockets,1610612745
1996,Houston Rockets,1610612745
1995,Houston Rockets,1610612745
1994,Houston Rockets,1610612745
1993,Houston Rockets,1610612745
1992,Houston Rockets,1610612745
1991,Houston Rockets,1610612745
1990,Houston Rockets,1610612745
1989,Houston Rockets,1610612745
1988,Houston Rockets,1610612745
1987,Houston Rockets,1610612745
1986,Houston Rockets,1610612745
1985,Houston Rockets,1610612745
1984,Houston Rockets,1610612745
1983,Houston Rockets,1610612745
1982,Houston Rockets,1610612745
1981,Houston Rockets,1610612745
1980,Houston Rockets,1610612745
1979,Houston Rockets,1610612745
1978,Houston Rockets,1610612745
1977,Houston Rockets,1610612745
1976,Houston Rockets,1610612745
1975,Houston Rockets,1610612745
1974,Houston Rockets,1610612745
1973,Houston Rockets,1610612745
1972,Houston Rockets,1610612745
1971,Houston Rockets,1610612745
1970,San Diego Rockets,1610612745
1969,San Diego Rockets,1610612745
1968,San Diego Rockets,1610612745
1967,San Diego Rockets,1610612745
2019,Indiana Pacers,1610612754
2018,Indiana Pacers,1610612754
2017,Indiana Pacers,1610612754
2016,Indiana Pacers,1610612754
2015,Indiana Pacers,1610612754
2014,Indiana Pacers,1610612754
2013,Indiana Pacers,1610612754
2012,Indiana Pacers,1610612754
2011,Indiana Pacers,1610612754
2010,Indiana Pacers,1610612754
2009,Indiana Pacers,1610612754
2008,Indiana Pacers,1610612754
2007,Indiana Pacers,1610612754
2006,Indiana Pacers,1610612754
2005,Indiana Pacers,1610612754
2004,Indiana Pacers,1610612754
2003,Indiana Pacers,1610612754
2002,Indiana Pacers,1610612754
2001,Indiana Pacers,1610612754
2000,Indiana Pacers,1610612754
1999,Indiana Pacers,1610612754
1998,Indiana Pacers,1610612754
1997,Indiana Pacers,1610612754
1996,Indiana Pacers,1610612754
1995,Indiana Pacers,1610612754
1994,Indiana Pacers,1610612754
1993,Indiana Pacers,1610612754
1992,Indiana Pacers,1610612754
1991,Indiana Pacers,1610612754
1990,Indiana Pacers,1610612754
1989,Indiana Pacers,1610612754
1988,Indiana Pacers,1610612754
1987,Indiana Pacers,1610612754
1986,Indiana Pacers,1610612754
1985,Indiana Pacers,1610612754
1984,Indiana Pacers,1610612754
1983,Indiana Pacers,1610612754
1982,Indiana Pacers,1610612754
1981,Indiana Pacers,1610612754
1980,Indiana Pacers,1610612754
1979,Indiana Pacers,1610612754
1978,Indiana Pacers,1610612754
1977,Indiana Pacers,1610612754
1976,Indiana Pacers,1610612754
1975,Indiana Pacers,1610612754
1974,Indiana Pacers,1610612754
1973,Indiana Pacers,1610612754
1972,Indiana Pacers,1610612754
1971,Indiana Pacers,1610612754
1970,Indiana Pacers,1610612754
1969,Indiana Pacers,1610612754
1968,Indiana Pacers,1610612754
1967,Indiana Pacers,1610612754
2019,Los Angeles Clippers,1610612746
2018,Los Angeles Clippers,1610612746
2017,Los Angeles Clippers,1610612746
2016,Los Angeles Clippers,1610612746
2015,Los Angeles Clippers,1610612746
2014,Los Angeles Clippers,1610612746
2013,Los Angeles Clippers,1610612746
2012,Los Angeles Clippers,1610612746
2011,Los Angeles Clippers,1610612746
2010,Los Angeles Clippers,1610612746
2009,Los Angeles Clippers,1610612746
2008,Los Angeles Clippers,1610612746
2007,Los Angeles Clippers,1610612746
2006,Los Angeles Clippers,1610612746
2005,Los Angeles Clippers,1610612746
2004,Los Angeles Clippers,1610612746
2003,Los Angeles Clippers,1610612746
2002,Los Angeles Clippers,1610612746
2001,Los Angeles Clippers,1610612746
2000,Los Angeles Clippers,1610612746
1999,Los Angeles Clippers,1610612746
1998,Los Angeles Clippers,1610612746
1997,Los Angeles Clippers,1610612746
1996,Los Angeles Clippers,1610612746
1995,Los Angeles Clippers,1610612746
1994,Los Angeles Clippers,1610612746
1993,Los Angeles Clippers,1610612746
1992,Los Angeles Clippers,1610612746
1991,Los Angeles Clippers,1610612746
1990,Los Angeles Clippers,1610612746
1989,Los Angeles Clippers,1610612746
1988,Los Angeles Clippers,1610612746
1987,Los Angeles Clippers,1610612746
1986,Los Angeles Clippers,1610612746
1985,Los Angeles Clippers,1610612746
1984,Los Angeles Clippers,1610612746
1983,San Diego Clippers,1610612746
1982,San Diego Clippers,1610612746
1981,San Diego Clippers,1610612746
1980,San Diego Clippers,1610612746
1979,San Diego Clippers,1610612746
1978,San Diego Clippers,1610612746
1977,Buffalo Braves,1610612746
1976,Buffalo Braves,1610612746
1975,Buffalo Braves,1610612746
1974,Buffalo Braves,1610612746
1973,Buffalo Braves,1610612746
1972,Buffalo Braves,1610612746
1971,Buffalo Braves,1610612746
1970,Buffalo Braves,1610612746
2019,Los Angeles Lakers,1610612747
2018,Los Angeles Lakers,1610612747
2017,Los Angeles Lakers,1610612747
2016,Los Angeles Lakers,1610612747
2015,Los Angeles Lakers,1610612747
2014,Los Angeles Lakers,1610612747
2013,Los Angeles Lakers,1610612747
2012,Los Angeles Lakers,1610612747
2011,Los Angeles Lakers,1610612747
2010,Los Angeles Lakers,1610612747
2009,Los Angeles Lakers,1610612747
2008,Los Angeles Lakers,1610612747
2007,Los Angeles Lakers,1610612747
2006,Los Angeles Lakers,1610612747
2005,Los Angeles Lakers,1610612747
2004,Los Angeles Lakers,1610612747
2003,Los Angeles Lakers,1610612747
2002,Los Angeles Lakers,1610612747
2001,Los Angeles Lakers,1610612747
2000,Los Angeles Lakers,1610612747
1999,Los Angeles Lakers,1610612747
1998,Los Angeles Lakers,1610612747
1997,Los Angeles Lakers,1610612747
1996,Los Angeles Lakers,1610612747
1995,Los Angeles Lakers,1610612747
1994,Los Angeles Lakers,1610612747
1993,Los Angeles Lakers,1610612747
1992,Los Angeles Lakers,1610612747
1991,Los Angeles Lakers,1610612747
1990,Los Angeles Lakers,1610612747
1989,Los Angeles Lakers,1610612747
1988,Los Angeles Lakers,1610612747
1987,Los Angeles Lakers,1610612747
1986,Los Angeles Lakers,1610612747
1985,Los Angeles Lakers,1610612747
1984,Los Angeles Lakers,1610612747
1983,Los Angeles Lakers,1610612747
1982,Los Angeles Lakers,1610612747
1981,Los Angeles Lakers,1610612747
1980,Los Angeles Lakers,1610612747
1979,Los Angeles Lakers,1610612747
1978,Los Angeles Lakers,1610612747
1977,Los Angeles Lakers,1610612747
1976,Los Angeles Lakers,1610612747
1975,Los Angeles Lakers,1610612747
1974,Los Angeles Lakers,1610612747
1973,Los Angeles Lakers,1610612747
1972,Los Angeles Lakers,1610612747
1971,Los Angeles Lakers,1610612747
1970,Los Angeles Lakers,1610612747
1969,Los Angeles Lakers,1610612747
1968,Los Angeles Lakers,1610612747
1967,Los Angeles Lakers,1610612747
1966,Los Angeles Lakers,1610612747
1965,Los Angeles Lakers,1610612747
1964,Los Angeles Lakers,1610612747
1963,Los Angeles Lakers,1610612747
1962,Los Angeles Lakers,1610612747
1961,Los Angeles Lakers,1610612747
1960,Los Angeles Lakers,1610612747
1959,Minneapolis Lakers,1610612747
1958,Minneapolis Lakers,1610612747
1957,Minneapolis Lakers,1610612747
1956,Minneapolis Lakers,1610612747
1955,Minneapolis Lakers,1610612747
1954,Minneapolis Lakers,1610612747
1953,Minneapolis Lakers,1610612747
1952,Minneapolis Lakers,1610612747
1951,Minneapolis Lakers,1610612747
1950,Minneapolis Lakers,1610612747
1949,Minneapolis Lakers,1610612747
1948,Minneapolis Lakers,1610612747
2019,Memphis Grizzlies,1610612763
2018,Memphis Grizzlies,1610612763
2017,Memphis Grizzlies,1610612763
2016,Memphis Grizzlies,1610612763
2015,Memphis Grizzlies,1610612763
2014,Memphis Grizzlies,1610612763
2013,Memphis Grizzlies,1610612763
2012,Memphis Grizzlies,1610612763
2011,Memphis Grizzlies,1610612763
2010,Memphis Grizzlies,1610612763
2009,Memphis Grizzlies,1610612763
2008,Memphis Grizzlies,1610612763
2007,Memphis Grizzlies,1610612763
2006,Memphis Grizzlies,1610612763
2005,Memphis Grizzlies,1610612763
2004,Memphis Grizzlies,1610612763
2003,Memphis Grizzlies,1610612763
2002,Memphis Grizzlies,1610612763
2001,Memphis Grizzlies,1610612763
2000,Vancouver Grizzlies,1610612763
1999,Vancouver Grizzlies,1610612763
1998,Vancouver Grizzlies,1610612763
1997,Vancouver Grizzlies,1610612763
1996,Vancouver Grizzlies,1610612763
1995,Vancouver Grizzlies,1610612763
2019,Miami Heat,1610612748
2018,Miami Heat,1610612748
2017,Miami Heat,1610612748
2016,Miami Heat,1610612748
2015,Miami Heat,1610612748
2014,Miami Heat,1610612748
2013,Miami Heat,1610612748
2012,Miami Heat,1610612748
2011,Miami Heat,1610612748
2010,Miami Heat,1610612748
2009,Miami Heat,1610612748
2008,Miami Heat,1610612748
2007,Miami Heat,1610612748
2006,Miami Heat,1610612748
2005,Miami Heat,1610612748
2004,Miami Heat,1610612748
2003,Miami Heat,1610612748
2002,Miami Heat,1610612748
2001,Miami Heat,1610612748
2000,Miami Heat,1610612748
1999,Miami Heat,1610612748
1998,Miami Heat,1610612748
1997,Miami Heat,1610612748
1996,Miami Heat,1610612748
1995,Miami Heat,1610612748
1994,Miami Heat,1610612748
1993,Miami Heat,1610612748
1992,Miami Heat,1610612748
1991,Miami Heat,1610612748
1990,Miami Heat,1610612748
1989,Miami Heat,1610612748
1988,Miami Heat,1610612748
2019,Milwaukee Bucks,1610612749
2018,Milwaukee Bucks,1610612749
2017,Milwaukee Bucks,1610612749
2016,Milwaukee Bucks,1610612749
2015,Milwaukee Bucks,1610612749
2014,Milwaukee Bucks,1610612749
2013,Milwaukee Bucks,1610612749
2012,Milwaukee Bucks,1610612749
2011,Milwaukee Bucks,1610612749
2010,Milwaukee Bucks,1610612749
2009,Milwaukee Bucks,1610612749
2008,Milwaukee Bucks,1610612749
2007,Milwaukee Bucks,1610612749
2006,Milwaukee Bucks,1610612749
2005,Milwaukee Bucks,1610612749
2004,Milwaukee Bucks,1610612749
2003,Milwaukee Bucks,1610612749
2002,Milwaukee Bucks,1610612749
2001,Milwaukee Bucks,1610612749
2000,Milwaukee Bucks,1610612749
1999,Milwaukee Bucks,1610612749
1998,Milwaukee Bucks,1610612749
1997,Milwaukee Bucks,1610612749
1996,Milwaukee Bucks,1610612749
1995,Milwaukee Bucks,1610612749
1994,Milwaukee Bucks,1610612749
1993,Milwaukee Bucks,1610612749
1992,Milwaukee Bucks,1610612749
1991,Milwaukee Bucks,1610612749
1990,Milwaukee Bucks,1610612749
1989,Milwaukee Bucks,1610612749
1988,Milwaukee Bucks,1610612749
1987,Milwaukee Bucks,1610612749
1986,Milwaukee Bucks,1610612749
1985,Milwaukee Bucks,1610612749
1984,Milwaukee Bucks,1610612749
1983,Milwaukee Bucks,1610612749
1982,Milwaukee Bucks,1610612749
1981,Milwaukee Bucks,1610612749
1980,Milwaukee Bucks,1610612749
1979,Milwaukee Bucks,1610612749
1978,Milwaukee Bucks,1610612749
1977,Milwaukee Bucks,1610612749
1976,Milwaukee Bucks,1610612749
1975,Milwaukee Bucks,1610612749
1974,Milwaukee Bucks,1610612749
1973,Milwaukee Bucks,1610612749
1972,Milwaukee Bucks,1610612749
1971,Milwaukee Bucks,1610612749
1970,Milwaukee Bucks,1610612749
1969,Milwaukee Bucks,1610612749
1968,Milwaukee Bucks,1610612749
2019,Minnesota Timberwolves,1610612750
2018,Minnesota Timberwolves,1610612750
2017,Minnesota Timberwolves,1610612750
2016,Minnesota Timberwolves,1610612750
2015,Minnesota Timberwolves,1610612750
2014,Minnesota Timberwolves,1610612750
2013,Minnesota Timberwolves,1610612750
2012,Minnesota Timberwolves,1610612750
2011,Minnesota Timberwolves,1610612750
2010,Minnesota Timberwolves,1610612750
2009,Minnesota Timberwolves,1610612750
2008,Minnesota Timberwolves,1610612750
2007,Minnesota Timberwolves,1610612750
2006,Minnesota Timberwolves,1610612750
2005,Minnesota Timberwolves,1610612750
2004,Minnesota Timberwolves,1610612750
2003,Minnesota Timberwolves,1610612750
2002,Minnesota Timberwolves,1610612750
2001,Minnesota Timberwolves,1610612750
2000,Minnesota Timberwolves,1610612750
1999,Minnesota Timberwolves,1610612750
1998,Minnesota Timberwolves,1610612750
1997,Minnesota Timberwolves,1610612750
1996,Minnesota Timberwolves,1610612750
1995,Minnesota Timberwolves,1610612750
1994,Minnesota Timberwolves,1610612750
1993,Minnesota Timberwolves,1610612750
1992,Minnesota Timberwolves,1610612750
1991,Minnesota Timberwolves,1610612750
1990,Minnesota Timberwolves,1610612750
1989,Minnesota Timberwolves,1610612750
2019,New York Knicks,1610612752
2018,New York Knicks,1610612752
2017,New York Knicks,1610612752
2016,New York Knicks,1610612752
2015,New York Knicks,1610612752
2014,New York Knicks,1610612752
2013,New York Knicks,1610612752
2012,New York Knicks,1610612752
2011,New York Knicks,1610612752
2010,New York Knicks,1610612752
2009,New York Knicks,1610612752
2008,New York Knicks,1610612752
2007,New York Knicks,1610612752
2006,New York Knicks,1610612752
2005,New York Knicks,1610612752
2004,New York Knicks,1610612752
2003,New York Knicks,1610612752
2002,New York Knicks,1610612752
2001,New York Knicks,1610612752
2000,New York Knicks,1610612752
1999,New York Knicks,1610612752
1998,New York Knicks,1610612752
1997,New York Knicks,1610612752
1996,New York Knicks,1610612752
1995,New York Knicks,1610612752
1994,New York Knicks,1610612752
1993,New York Knicks,1610612752
1992,New York Knicks,1610612752
1991,New York Knicks,1610612752
1990,New York Knicks,1610612752
1989,New York Knicks,1610612752
1988,New York Knicks,1610612752
1987,New York Knicks,1610612752
1986,New York Knicks,1610612752
1985,New York Knicks,1610612752
1984,New York Knicks,1610612752
1983,New York Knicks,1610612752
1982,New York Knicks,1610612752
1981,New York Knicks,1610612752
1980,New York Knicks,1610612752
1979,New York Knicks,1610612752
1978,New York Knicks,1610612752
1977,New York Knicks,1610612752
1976,New York Knicks,1610612752
1975,New York Knicks,1610612752
1974,New York Knicks,1610612752
1973,New York Knicks,1610612752
1972,New York Knicks,1610612752
1971,New York Knicks,1610612752
1970,New York Knicks,1610612752
1969,New York Knicks,1610612752
1968,New York Knicks,1610612752
1967,New York Knicks,1610612752
1966,New York Knicks,1610612752
1965,New York Knicks,1610612752
1964,New York Knicks,1610612752
1963,New York Knicks,1610612752
1962,New York Knicks,1610612752
1961,New York Knicks,1610612752
1960,New York Knicks,1610612752
1959,New York Knicks,1610612752
1958,New York Knicks,1610612752
1957,New York Knicks,1610612752
1956,New York Knicks,1610612752
1955,New York Knicks,1610612752
1954,New York Knicks,1610612752
1953,New York Knicks,1610612752
1952,New York Knicks,1610612752
1951,New York Knicks,1610612752
1950,New York Knicks,1610612752
1949,New York Knicks,1610612752
1948,New York Knicks,1610612752
1947,New York Knicks,1610612752
1946,New York Knicks,1610612752
2019,New Orleans Pelicans,1610612740
2018,New Orleans Pelicans,1610612740
2017,New Orleans Pelicans,1610612740
2016,New Orleans Pelicans,1610612740
2015,New Orleans Pelicans,1610612740
2014,New Orleans Pelicans,1610612740
2013,New Orleans Pelicans,1610612740
2012,New Orleans Hornets,1610612740
2011,New Orleans Hornets,1610612740
2010,New Orleans Hornets,1610612740
2009,New Orleans Hornets,1610612740
2008,New Orleans Hornets,1610612740
2007,New Orleans Hornets,1610612740
2006,New Orleans/Oklahoma City Hornets,1610612740
2005,New Orleans/Oklahoma City Hornets,1610612740
2004,New Orleans Hornets,1610612740
2003,New Orleans Hornets,1610612740
2002,New Orleans Hornets,1610612740
2019,Oklahoma City Thunder,1610612760
2018,Oklahoma City Thunder,1610612760
2017,Oklahoma City Thunder,1610612760
2016,Oklahoma City Thunder,1610612760
2015,Oklahoma City Thunder,1610612760
2014,Oklahoma City Thunder,1610612760
2013,Oklahoma City Thunder,1610612760
2012,Oklahoma City Thunder,1610612760
2011,Oklahoma City Thunder,1610612760
2010,Oklahoma City Thunder,1610612760
2009,Oklahoma City Thunder,1610612760
2008,Oklahoma City Thunder,1610612760
2007,Seattle SuperSonics,1610612760
2006,Seattle SuperSonics,1610612760
2005,Seattle SuperSonics,1610612760
2004,Seattle SuperSonics,1610612760
2003,Seattle SuperSonics,1610612760
2002,Seattle SuperSonics,1610612760
2001,Seattle SuperSonics,1610612760
2000,Seattle SuperSonics,1610612760
1999,Seattle SuperSonics,1610612760
1998,Seattle SuperSonics,1610612760
1997,Seattle SuperSonics,1610612760
1996,Seattle SuperSonics,1610612760
1995,Seattle SuperSonics,1610612760
1994,Seattle SuperSonics,1610612760
1993,Seattle SuperSonics,1610612760
1992,Seattle SuperSonics,1610612760
1991,Seattle SuperSonics,1610612760
1990,Seattle SuperSonics,1610612760
1989,Seattle SuperSonics,1610612760
1988,Seattle SuperSonics,1610612760
1987,Seattle SuperSonics,1610612760
1986,Seattle SuperSonics,1610612760
1985,Seattle SuperSonics,1610612760
1984,Seattle SuperSonics,1610612760
1983,Seattle SuperSonics,1610612760
1982,Seattle SuperSonics,1610612760
1981,Seattle SuperSonics,1610612760
1980,Seattle SuperSonics,1610612760
1979,Seattle SuperSonics,1610612760
1978,Seattle SuperSonics,1610612760
1977,Seattle SuperSonics,1610612760
1976,Seattle SuperSonics,1610612760
1975,Seattle SuperSonics,1610612760
1974,Seattle SuperSonics,1610612760
1973,Seattle SuperSonics,1610612760
1972,Seattle SuperSonics,1610612760
1971,Seattle SuperSonics,1610612760
1970,Seattle SuperSonics,1610612760
1969,Seattle SuperSonics,1610612760
1968,Seattle SuperSonics,1610612760
1967,Seattle SuperSonics,1610612760
2019,Orlando Magic,1610612753
2018,Orlando Magic,1610612753
2017,Orlando Magic,1610612753
2016,Orlando Magic,1610612753
2015,Orlando Magic,1610612753
2014,Orlando Magic,1610612753
2013,Orlando Magic,1610612753
2012,Orlando Magic,1610612753
2011,Orlando Magic,1610612753
2010,Orlando Magic,1610612753
2009,Orlando Magic,1610612753
2008,Orlando Magic,1610612753
2007,Orlando Magic,1610612753
2006,Orlando Magic,1610612753
2005,Orlando Magic,1610612753
2004,Orlando Magic,1610612753
2003,Orlando Magic,1610612753
2002,Orlando Magic,1610612753
2001,Orlando Magic,1610612753
2000,Orlando Magic,1610612753
1999,Orlando Magic,1610612753
1998,Orlando Magic,1610612753
1997,Orlando Magic,1610612753
1996,Orlando Magic,1610612753
1995,Orlando Magic,1610612753
1994,Orlando Magic,1610612753
1993,Orlando Magic,1610612753
1992,Orlando Magic,1610612753
1991,Orlando Magic,1610612753
1990,Orlando Magic,1610612753
1989,Orlando Magic,1610612753
2019,Philadelphia 76ers,1610612755
2018,Philadelphia 76ers,1610612755
2017,Philadelphia 76ers,1610612755
2016,Philadelphia 76ers,1610612755
2015,Philadelphia 76ers,1610612755
2014,Philadelphia 76ers,1610612755
2013,Philadelphia 76ers,1610612755
2012,Philadelphia 76ers,1610612755
2011,Philadelphia 76ers,1610612755
2010,Philadelphia 76ers,1610612755
2009,Philadelphia 76ers,1610612755
2008,Philadelphia 76ers,1610612755
2007,Philadelphia 76ers,1610612755
2006,Philadelphia 76ers,1610612755
2005,Philadelphia 76ers,1610612755
2004,Philadelphia 76ers,1610612755
2003,Philadelphia 76ers,1610612755
2002,Philadelphia 76ers,1610612755
2001,Philadelphia 76ers,1610612755
2000,Philadelphia 76ers,1610612755
1999,Philadelphia 76ers,1610612755
1998,Philadelphia 76ers,1610612755
1997,Philadelphia 76ers,1610612755
1996,Philadelphia 76ers,1610612755
1995,Philadelphia 76ers,1610612755
1994,Philadelphia 76ers,1610612755
1993,Philadelphia 76ers,1610612755
1992,Philadelphia 76ers,1610612755
1991,Philadelphia 76ers,1610612755
1990,Philadelphia 76ers,1610612755
1989,Philadelphia 76ers,1610612755
1988,Philadelphia 76ers,1610612755
1987,Philadelphia 76ers,1610612755
1986,Philadelphia 76ers,1610612755
1985,Philadelphia 76ers,1610612755
1984,Philadelphia 76ers,1610612755
1983,Philadelphia 76ers,1610612755
1982,Philadelphia 76ers,1610612755
1981,Philadelphia 76ers,1610612755
1980,Philadelphia 76ers,1610612755
1979,Philadelphia 76ers,1610612755
1978,Philadelphia 76ers,1610612755
1977,Philadelphia 76ers,1610612755
1976,Philadelphia 76ers,1610612755
1975,Philadelphia 76ers,1610612755
1974,Philadelphia 76ers,1610612755
1973,Philadelphia 76ers,1610612755
1972,Philadelphia 76ers,1610612755
1971,Philadelphia 76ers,1610612755
1970,Philadelphia 76ers,1610612755
1969,Philadelphia 76ers,1610612755
1968,Philadelphia 76ers,1610612755
1967,Philadelphia 76ers,1610612755
1966,Philadelphia 76ers,1610612755
1965,Philadelphia 76ers,1610612755
1964,Philadelphia 76ers,1610612755
1963,Philadelphia 76ers,1610612755
1962,Syracuse Nationals,1610612755
1961,Syracuse Nationals,1610612755
1960,Syracuse Nationals,1610612755
1959,Syracuse Nationals,1610612755
1958,Syracuse Nationals,1610612755
1957,Syracuse Nationals,1610612755
1956,Syracuse Nationals,1610612755
1955,Syracuse Nationals,1610612755
1954,Syracuse Nationals,1610612755
1953,Syracuse Nationals,1610612755
1952,Syracuse Nationals,1610612755
1951,Syracuse Nationals,1610612755
1950,Syracuse Nationals,1610612755
1949,Syracuse Nationals,1610612755
2019,Phoenix Suns,1610612756
2018,Phoenix Suns,1610612756
2017,Phoenix Suns,1610612756
2016,Phoenix Suns,1610612756
2015,Phoenix Suns,1610612756
2014,Phoenix Suns,1610612756
2013,Phoenix Suns,1610612756
2012,Phoenix Suns,1610612756
2011,Phoenix Suns,1610612756
2010,Phoenix Suns,1610612756
2009,Phoenix Suns,1610612756
2008,Phoenix Suns,1610612756
2007,Phoenix Suns,1610612756
2006,Phoenix Suns,1610612756
2005,Phoenix Suns,1610612756
2004,Phoenix Suns,1610612756
2003,Phoenix Suns,1610612756
2002,Phoenix Suns,1610612756
2001,Phoenix Suns,1610612756
2000,Phoenix Suns,1610612756
1999,Phoenix Suns,1610612756
1998,Phoenix Suns,1610612756
1997,Phoenix Suns,1610612756
1996,Phoenix Suns,1610612756
1995,Phoenix Suns,1610612756
1994,Phoenix Suns,1610612756
1993,Phoenix Suns,1610612756
1992,Phoenix Suns,1610612756
1991,Phoenix Suns,1610612756
1990,Phoenix Suns,1610612756
1989,Phoenix Suns,1610612756
1988,Phoenix Suns,1610612756
1987,Phoenix Suns,1610612756
1986,Phoenix Suns,1610612756
1985,Phoenix Suns,1610612756
1984,Phoenix Suns,1610612756
1983,Phoenix Suns,1610612756
1982,Phoenix Suns,1610612756
1981,Phoenix Suns,1610612756
1980,Phoenix Suns,1610612756
1979,Phoenix Suns,1610612756
1978,Phoenix Suns,1610612756
1977,Phoenix Suns,1610612756
1976,Phoenix Suns,1610612756
1975,Phoenix Suns,1610612756
1974,Phoenix Suns,1610612756
1973,Phoenix Suns,1610612756
1972,Phoenix Suns,1610612756
1971,Phoenix Suns,1610612756
1970,Phoenix Suns,1610612756
1969,Phoenix Suns,1610612756
1968,Phoenix Suns,1610612756
2019,Portland Trail Blazers,1610612757
2018,Portland Trail Blazers,1610612757
2017,Portland Trail Blazers,1610612757
2016,Portland Trail Blazers,1610612757
2015,Portland Trail Blazers,1610612757
2014,Portland Trail Blazers,1610612757
2013,Portland Trail Blazers,1610612757
2012,Portland Trail Blazers,1610612757
2011,Portland Trail Blazers,1610612757
2010,Portland Trail Blazers,1610612757
2009,Portland Trail Blazers,1610612757
2008,Portland Trail Blazers,1610612757
2007,Portland Trail Blazers,1610612757
2006,Portland Trail Blazers,1610612757
2005,Portland Trail Blazers,1610612757
2004,Portland Trail Blazers,1610612757
2003,Portland Trail Blazers,1610612757
2002,Portland Trail Blazers,1610612757
2001,Portland Trail Blazers,1610612757
2000,Portland Trail Blazers,1610612757
1999,Portland Trail Blazers,1610612757
1998,Portland Trail Blazers,1610612757
1997,Portland Trail Blazers,1610612757
1996,Portland Trail Blazers,1610612757
1995,Portland Trail Blazers,1610612757
1994,Portland Trail Blazers,1610612757
1993,Portland Trail Blazers,1610612757
1992,Portland Trail Blazers,1610612757
1991,Portland Trail Blazers,1610612757
1990,Portland Trail Blazers,1610612757
1989,Portland Trail Blazers,1610612757
1988,Portland Trail Blazers,1610612757
1987,Portland Trail Blazers,1610612757
1986,Portland Trail Blazers,1610612757
1985,Portland Trail Blazers,1610612757
1984,Portland Trail Blazers,1610612757
1983,Portland Trail Blazers,1610612757
1982,Portland Trail Blazers,1610612757
1981,Portland Trail Blazers,1610612757
1980,Portland Trail Blazers,1610612757
1979,Portland Trail Blazers,1610612757
1978,Portland Trail Blazers,1610612757
1977,Portland Trail Blazers,1610612757
1976,Portland Trail Blazers,1610612757
1975,Portland Trail Blazers,1610612757
1974,Portland Trail Blazers,1610612757
1973,Portland Trail Blazers,1610612757
1972,Portland Trail Blazers,1610612757
1971,Portland Trail Blazers,1610612757
1970,Portland Trail Blazers,1610612757
2019,San Antonio Spurs,1610612759
2018,San Antonio Spurs,1610612759
2017,San Antonio Spurs,1610612759
2016,San Antonio Spurs,1610612759
2015,San Antonio Spurs,1610612759
2014,San Antonio Spurs,1610612759
2013,San Antonio Spurs,1610612759
2012,San Antonio Spurs,1610612759
2011,San Antonio Spurs,1610612759
2010,San Antonio Spurs,1610612759
2009,San Antonio Spurs,1610612759
2008,San Antonio Spurs,1610612759
2007,San Antonio Spurs,1610612759
2006,San Antonio Spurs,1610612759
2005,San Antonio Spurs,1610612759
2004,San Antonio Spurs,1610612759
2003,San Antonio Spurs,1610612759
2002,San Antonio Spurs,1610612759
2001,San Antonio Spurs,1610612759
2000,San Antonio Spurs,1610612759
1999,San Antonio Spurs,1610612759
1998,San Antonio Spurs,1610612759
1997,San Antonio Spurs,1610612759
1996,San Antonio Spurs,1610612759
1995,San Antonio Spurs,1610612759
1994,San Antonio Spurs,1610612759
1993,San Antonio Spurs,1610612759
1992,San Antonio Spurs,1610612759
1991,San Antonio Spurs,1610612759
1990,San Antonio Spurs,1610612759
1989,San Antonio Spurs,1610612759
1988,San Antonio Spurs,1610612759
1987,San Antonio Spurs,1610612759
1986,San Antonio Spurs,1610612759
1985,San Antonio Spurs,1610612759
1984,San Antonio Spurs,1610612759
1983,San Antonio Spurs,1610612759
1982,San Antonio Spurs,1610612759
1981,San Antonio Spurs,1610612759
1980,San Antonio Spurs,1610612759
1979,San Antonio Spurs,1610612759
1978,San Antonio Spurs,1610612759
1977,San Antonio Spurs,1610612759
1976,San Antonio Spurs,1610612759
1975,San Antonio Spurs,1610612759
1974,San Antonio Spurs,1610612759
1973,San Antonio Spurs,1610612759
1972,Dallas Chaparrals,1610612759
1971,Dallas Chaparrals,1610612759
1970,Dallas Chaparrals,1610612759
1969,Dallas Chaparrals,1610612759
1968,Dallas Chaparrals,1610612759
1967,Dallas Chaparrals,1610612759
2019,Sacramento Kings,1610612758
2018,Sacramento Kings,1610612758
2017,Sacramento Kings,1610612758
2016,Sacramento Kings,1610612758
2015,Sacramento Kings,1610612758
2014,Sacramento Kings,1610612758
2013,Sacramento Kings,1610612758
2012,Sacramento Kings,1610612758
2011,Sacramento Kings,1610612758
2010,Sacramento Kings,1610612758
2009,Sacramento Kings,1610612758
2008,Sacramento Kings,1610612758
2007,Sacramento Kings,1610612758
2006,Sacramento Kings,1610612758
2005,Sacramento Kings,1610612758
2004,Sacramento Kings,1610612758
2003,Sacramento Kings,1610612758
2002,Sacramento Kings,1610612758
2001,Sacramento Kings,1610612758
2000,Sacramento Kings,1610612758
1999,Sacramento Kings,1610612758
1998,Sacramento Kings,1610612758
1997,Sacramento Kings,1610612758
1996,Sacramento Kings,1610612758
1995,Sacramento Kings,1610612758
1994,Sacramento Kings,1610612758
1993,Sacramento Kings,1610612758
1992,Sacramento Kings,1610612758
1991,Sacramento Kings,1610612758
1990,Sacramento Kings,1610612758
1989,Sacramento Kings,1610612758
1988,Sacramento Kings,1610612758
1987,Sacramento Kings,1610612758
1986,Sacramento Kings,1610612758
1985,Sacramento Kings,1610612758
1984,Kansas City Kings,1610612758
1983,Kansas City Kings,1610612758
1982,Kansas City Kings,1610612758
1981,Kansas City Kings,1610612758
1980,Kansas City Kings,1610612758
1979,Kansas City Kings,1610612758
1978,Kansas City Kings,1610612758
1977,Kansas City Kings,1610612758
1976,Kansas City Kings,1610612758
1975,Kansas City Kings,1610612758
1974,Kansas City-Omaha Kings,1610612758
1973,Kansas City-Omaha Kings,1610612758
1972,Kansas City-Omaha Kings,1610612758
1971,Cincinnati Royals,1610612758
1970,Cincinnati Royals,1610612758
1969,Cincinnati Royals,1610612758
1968,Cincinnati Royals,1610612758
1967,Cincinnati Royals,1610612758
1966,Cincinnati Royals,1610612758
1965,Cincinnati Royals,1610612758
1964,Cincinnati Royals,1610612758
1963,Cincinnati Royals,1610612758
1962,Cincinnati Royals,1610612758
1961,Cincinnati Royals,1610612758
1960,Cincinnati Royals,1610612758
1959,Cincinnati Royals,1610612758
1958,Cincinnati Royals,1610612758
1957,Cincinnati Royals,1610612758
1956,Rochester Royals,1610612758
1955,Rochester Royals,1610612758
1954,Rochester Royals,1610612758
1953,Rochester Royals,1610612758
1952,Rochester Royals,1610612758
1951,Rochester Royals,1610612758
1950,Rochester Royals,1610612758
1949,Rochester Royals,1610612758
1948,Rochester Royals,1610612758
2019,Toronto Raptors,1610612761
2018,Toronto Raptors,1610612761
2017,Toronto Raptors,1610612761
2016,Toronto Raptors,1610612761
2015,Toronto Raptors,1610612761
2014,Toronto Raptors,1610612761
2013,Toronto Raptors,1610612761
2012,Toronto Raptors,1610612761
2011,Toronto Raptors,1610612761
2010,Toronto Raptors,1610612761
2009,Toronto Raptors,1610612761
2008,Toronto Raptors,1610612761
2007,Toronto Raptors,1610612761
2006,Toronto Raptors,1610612761
2005,Toronto Raptors,1610612761
2004,Toronto Raptors,1610612761
2003,Toronto Raptors,1610612761
2002,Toronto Raptors,1610612761
2001,Toronto Raptors,1610612761
2000,Toronto Raptors,1610612761
1999,Toronto Raptors,1610612761
1998,Toronto Raptors,1610612761
1997,Toronto Raptors,1610612761
1996,Toronto Raptors,1610612761
1995,Toronto Raptors,1610612761
2019,Utah Jazz,1610612762
2018,Utah Jazz,1610612762
2017,Utah Jazz,1610612762
2016,Utah Jazz,1610612762
2015,Utah Jazz,1610612762
2014,Utah Jazz,1610612762
2013,Utah Jazz,1610612762
2012,Utah Jazz,1610612762
2011,Utah Jazz,1610612762
2010,Utah Jazz,1610612762
2009,Utah Jazz,1610612762
2008,Utah Jazz,1610612762
2007,Utah Jazz,1610612762
2006,Utah Jazz,1610612762
2005,Utah Jazz,1610612762
2004,Utah Jazz,1610612762
2003,Utah Jazz,1610612762
2002,Utah Jazz,1610612762
2001,Utah Jazz,1610612762
2000,Utah Jazz,1610612762
1999,Utah Jazz,1610612762
1998,Utah Jazz,1610612762
1997,Utah Jazz,1610612762
1996,Utah Jazz,1610612762
1995,Utah Jazz,1610612762
1994,Utah Jazz,1610612762
1993,Utah Jazz,1610612762
1992,Utah Jazz,1610612762
1991,Utah Jazz,1610612762
1990,Utah Jazz,1610612762
1989,Utah Jazz,1610612762
1988,Utah Jazz,1610612762
1987,Utah Jazz,1610612762
1986,Utah Jazz,1610612762
1985,Utah Jazz,1610612762
1984,Utah Jazz,1610612762
1983,Utah Jazz,1610612762
1982,Utah Jazz,1610612762
1981,Utah Jazz,1610612762
1980,Utah Jazz,1610612762
1979,Utah Jazz,1610612762
1978,New Orleans Jazz,1610612762
1977,New Orleans Jazz,1610612762
1976,New Orleans Jazz,1610612762
1975,New Orleans Jazz,1610612762
1974,New Orleans Jazz,1610612762
2019,Washington Wizards,1610612764
2018,Washington Wizards,1610612764
2017,Washington Wizards,1610612764
2016,Washington Wizards,1610612764
2015,Washington Wizards,1610612764
2014,Washington Wizards,1610612764
2013,Washington Wizards,1610612764
2012,Washington Wizards,1610612764
2011,Washington Wizards,1610612764
2010,Washington Wizards,1610612764
2009,Washington Wizards,1610612764
2008,Washington Wizards,1610612764
2007,Washington Wizards,1610612764
2006,Washington Wizards,1610612764
2005,Washington Wizards,1610612764
2004,Washington Wizards,1610612764
2003,Washington Wizards,1610612764
2002,Washington Wizards,1610612764
2001,Washington Wizards,1610612764
2000,Washington Wizards,1610612764
1999,Washington Wizards,1610612764
1998,Washington Wizards,1610612764
1997,Washington Wizards,1610612764
1996,Washington Bullets,1610612764
1995,Washington Bullets,1610612764
1994,Washington Bullets,1610612764
1993,Washington Bullets,1610612764
1992,Washington Bullets,1610612764
1991,Washington Bullets,1610612764
1990,Washington Bullets,1610612764
1989,Washington Bullets,1610612764
1988,Washington Bullets,1610612764
1987,Washington Bullets,1610612764
1986,Washington Bullets,1610612764
1985,Washington Bullets,1610612764
1984,Washington Bullets,1610612764
1983,Washington Bullets,1610612764
1982,Washington Bullets,1610612764
1981,Washington Bullets,1610612764
1980,Washington Bullets,1610612764
1979,Washington Bullets,1610612764
1978,Washington Bullets,1610612764
1977,Washington Bullets,1610612764
1976,Washington Bullets,1610612764
1975,Washington Bullets,1610612764
1974,Washington Bullets,1610612764
1973,Capital Bullets,1610612764
1972,Baltimore Bullets,1610612764
1971,Baltimore Bullets,1610612764
1970,Baltimore Bullets,1610612764
1969,Baltimore Bullets,1610612764
1968,Baltimore Bullets,1610612764
1967,Baltimore Bullets,1610612764
1966,Baltimore Bullets,1610612764
1965,Baltimore Bullets,1610612764
1964,Baltimore Bullets,1610612764
1963,Baltimore Bullets,1610612764
1962,Chicago Zephyrs,1610612764
1961,Chicago Packers,1610612764
